,date,confirmed,death,recovered,active
0,2020-01-22,557,17,30.0,510.0
1,2020-01-23,655,18,32.0,605.0
2,2020-01-24,941,26,39.0,876.0
3,2020-01-25,1434,42,42.0,1350.0
4,2020-01-26,2118,56,56.0,2006.0
5,2020-01-27,2927,82,65.0,2780.0
6,2020-01-28,5578,131,108.0,5339.0
7,2020-01-29,6167,133,126.0,5908.0
8,2020-01-30,8235,171,143.0,7921.0
9,2020-01-31,9927,213,222.0,9492.0
10,2020-02-01,12038,259,284.0,11495.0
11,2020-02-02,16787,362,463.0,15962.0
12,2020-02-03,19887,426,608.0,18853.0
13,2020-02-04,23898,492,826.0,22580.0
14,2020-02-05,27643,564,1077.0,26002.0
15,2020-02-06,30805,634,1424.0,28747.0
16,2020-02-07,34399,719,1908.0,31772.0
17,2020-02-08,37130,806,2471.0,33853.0
18,2020-02-09,40161,906,3060.0,36195.0
19,2020-02-10,42769,1013,3717.0,38039.0
20,2020-02-11,44812,1113,4418.0,39281.0
21,2020-02-12,45230,1118,4850.0,39262.0
22,2020-02-13,60382,1371,5929.0,53082.0
23,2020-02-14,66910,1523,7616.0,57771.0
24,2020-02-15,69053,1666,8904.0,58483.0
25,2020-02-16,71236,1770,10321.0,59145.0
26,2020-02-17,73271,1868,11955.0,59448.0
27,2020-02-18,75153,2008,13693.0,59452.0
28,2020-02-19,75653,2123,15397.0,58133.0
29,2020-02-20,76213,2248,17374.0,56591.0
30,2020-02-21,76842,2252,17971.0,56619.0
31,2020-02-22,78603,2459,21856.0,54288.0
32,2020-02-23,78984,2470,22307.0,54207.0
33,2020-02-24,79552,2630,24049.0,52873.0
34,2020-02-25,80406,2710,26654.0,51042.0
35,2020-02-26,81383,2771,29091.0,49521.0
36,2020-02-27,82742,2814,31934.0,47994.0
37,2020-02-28,84131,2873,35319.0,45939.0
38,2020-02-29,86027,2943,38327.0,44757.0
39,2020-03-01,88403,2997,41223.0,44183.0
40,2020-03-02,90383,3086,44098.0,43199.0
41,2020-03-03,92984,3160,46690.0,43134.0
42,2020-03-04,95290,3255,49629.0,42406.0
43,2020-03-05,98108,3348,52247.0,42513.0
44,2020-03-06,102022,3461,54309.0,44252.0
45,2020-03-07,106126,3566,56799.0,45761.0
46,2020-03-08,110063,3806,59133.0,47124.0
47,2020-03-09,114246,3996,60933.0,49317.0
48,2020-03-10,119075,4272,62840.0,51963.0
49,2020-03-11,126768,4617,65435.0,56716.0
50,2020-03-12,132643,4926,66763.0,60954.0
51,2020-03-13,146958,5418,68688.0,72852.0
52,2020-03-14,158014,5840,71054.0,81120.0
53,2020-03-15,169302,6491,74463.0,88348.0
54,2020-03-16,184112,7178,76517.0,100417.0
55,2020-03-17,200124,7995,79261.0,112868.0
56,2020-03-18,219703,8915,81748.0,129040.0
57,2020-03-19,246823,10031,83389.0,153403.0
58,2020-03-20,277745,11527,85834.0,180384.0
59,2020-03-21,309859,13249,90080.0,206530.0
60,2020-03-22,345007,14934,96297.0,233776.0
61,2020-03-23,387680,16893,96785.0,274002.0
62,2020-03-24,428774,19208,106304.0,303262.0
63,2020-03-25,479865,22037,112010.0,345818.0
64,2020-03-26,542710,25076,120381.0,397253.0
65,2020-03-27,607666,28562,129094.0,450010.0
66,2020-03-28,677314,32399,137394.0,507521.0
67,2020-03-29,734223,35877,146850.0,551496.0
68,2020-03-30,799419,39958,162186.0,597275.0
69,2020-03-31,876307,44702,174650.0,656955.0
70,2020-04-01,958542,50724,190190.0,717628.0
71,2020-04-02,1041402,56617,206922.0,777863.0
72,2020-04-03,1125473,62802,221904.0,840767.0
73,2020-04-04,1184079,68782,241911.0,873386.0
74,2020-04-05,1254492,74030,255312.0,925150.0
75,2020-04-06,1328479,79951,271776.0,976752.0
76,2020-04-07,1397671,88284,294500.0,1014887.0
77,2020-04-08,1481003,95145,323018.0,1062840.0
78,2020-04-09,1567517,103001,347263.0,1117253.0
79,2020-04-10,1652871,110420,368306.0,1174145.0
80,2020-04-11,1726896,116711,393821.0,1216364.0
81,2020-04-12,1846009,122647,412669.0,1310693.0
82,2020-04-13,1917111,128675,439291.0,1349145.0
83,2020-04-14,2000946,135784,463911.0,1401251.0
84,2020-04-15,2078937,144328,499694.0,1434915.0
85,2020-04-16,2173150,151691,529844.0,1491615.0
86,2020-04-17,2260925,160218,555180.0,1545527.0
87,2020-04-18,2337596,166420,578625.0,1592551.0
88,2020-04-19,2414119,171780,609521.0,1632818.0
89,2020-04-20,2490004,177826,631002.0,1681176.0
90,2020-04-21,2565609,185170,665158.0,1715281.0
91,2020-04-22,2646918,192161,693977.0,1760780.0
92,2020-04-23,2730276,199151,722399.0,1808726.0
93,2020-04-24,2814157,206054,772035.0,1836068.0
94,2020-04-25,2897241,211927,798921.0,1886393.0
95,2020-04-26,2968133,216162,826860.0,1925111.0
96,2020-04-27,3039194,221087,853354.0,1964753.0
97,2020-04-28,3114821,227926,885597.0,2001298.0
98,2020-04-29,3192032,234831,926578.0,2030623.0
99,2020-04-30,3275290,240914,990587.0,2043789.0
100,2020-05-01,3364110,246360,1027398.0,2090352.0
101,2020-05-02,3443239,252234,1066993.0,2124012.0
102,2020-05-03,3517693,256081,1098418.0,2163194.0
103,2020-05-04,3594884,260591,1131389.0,2202904.0
104,2020-05-05,3674655,266722,1166886.0,2241047.0
105,2020-05-06,3765208,273618,1211825.0,2279765.0
106,2020-05-07,3853857,279315,1250270.0,2324272.0
107,2020-05-08,3944595,285250,1285699.0,2373646.0
108,2020-05-09,4028817,289830,1338109.0,2400878.0
109,2020-05-10,4104020,293881,1371071.0,2439068.0
110,2020-05-11,4180363,297791,1417058.0,2465514.0
111,2020-05-12,4265285,303660,1453052.0,2508573.0
112,2020-05-13,4349612,309147,1507802.0,2532663.0
113,2020-05-14,4444876,314730,1546585.0,2583561.0
114,2020-05-15,4541039,320363,1593867.0,2626809.0
115,2020-05-16,4635209,324906,1649353.0,2660950.0
116,2020-05-17,4713187,328481,1689628.0,2695078.0
117,2020-05-18,4802344,332631,1741856.0,2727857.0
118,2020-05-19,4898920,337760,1793090.0,2768070.0
119,2020-05-20,5003876,343145,1851332.0,2809399.0
120,2020-05-21,5109767,348115,1901614.0,2860038.0
121,2020-05-22,5217336,353808,2009283.0,2854245.0
122,2020-05-23,5321389,358185,2063407.0,2899797.0
123,2020-05-24,5414585,361674,2118247.0,2934664.0
124,2020-05-25,5502561,363207,2181303.0,2958051.0
125,2020-05-26,5595456,367856,2235754.0,2991846.0
126,2020-05-27,5698041,373251,2298183.0,3026607.0
127,2020-05-28,5817867,378302,2364322.0,3075243.0
128,2020-05-29,5939411,383481,2440641.0,3115289.0
129,2020-05-30,6074345,387764,2510473.0,3176108.0
130,2020-05-31,6176660,390913,2586157.0,3199590.0
131,2020-06-01,6276150,394549,2640198.0,3241403.0
132,2020-06-02,6400573,399846,2743671.0,3257056.0
133,2020-06-03,6511720,405536,2821967.0,3284217.0
134,2020-06-04,6649957,411008,2891354.0,3347595.0
135,2020-06-05,6783574,416137,2959624.0,3407813.0
136,2020-06-06,6913406,420246,3030803.0,3462357.0
137,2020-06-07,7024554,423379,3085323.0,3515852.0
138,2020-06-08,7127806,427732,3236258.0,3463816.0
139,2020-06-09,7254093,432852,3317749.0,3503492.0
140,2020-06-10,7390859,438292,3395814.0,3556753.0
141,2020-06-11,7526068,443376,3480771.0,3601921.0
142,2020-06-12,7654022,448118,3559587.0,3646317.0
143,2020-06-13,7787673,452525,3644653.0,3690495.0
144,2020-06-14,7919766,456196,3714652.0,3748918.0
145,2020-06-15,8044513,460190,3794119.0,3790204.0
146,2020-06-16,8189061,467331,3891546.0,3830184.0
147,2020-06-17,8332166,472821,4008996.0,3850349.0
148,2020-06-18,8475051,478140,4089642.0,3907269.0
149,2020-06-19,8656370,484487,4184094.0,3987789.0
150,2020-06-20,8842039,488961,4299435.0,4053643.0
151,2020-06-21,8935059,493554,4367694.0,4073811.0
152,2020-06-22,9076878,497349,4458854.0,4120675.0
153,2020-06-23,9245082,502939,4562459.0,4179684.0
154,2020-06-24,9416368,508415,4677798.0,4230155.0
155,2020-06-25,9595541,513505,4770342.0,4311694.0
156,2020-06-26,9788641,518583,4875999.0,4394059.0
157,2020-06-27,9965144,523280,4982015.0,4459849.0
158,2020-06-28,10132881,526853,5070969.0,4535059.0
159,2020-06-29,10285957,530879,5164529.0,4590549.0
160,2020-06-30,10469229,536122,5281441.0,4651666.0
161,2020-07-01,10684575,541494,5397057.0,4746024.0
162,2020-07-02,10888824,546971,5681512.0,4660341.0
163,2020-07-03,11091784,552207,5791028.0,4748549.0
164,2020-07-04,11281423,556975,5986505.0,4737943.0
165,2020-07-05,11467404,560776,6105600.0,4801028.0
166,2020-07-06,11635360,564990,6228909.0,4841461.0
167,2020-07-07,11844210,571369,6373662.0,4899179.0
168,2020-07-08,12059978,577007,6531272.0,4951699.0
169,2020-07-09,12283803,582809,6665597.0,5035397.0
170,2020-07-10,12516757,588556,6804668.0,5123533.0
171,2020-07-11,12729878,593665,6930037.0,5206176.0
172,2020-07-12,12921400,597952,7041688.0,5281760.0
173,2020-07-13,13117276,602335,7181569.0,5333372.0
174,2020-07-14,13337771,608321,7323482.0,5405968.0
175,2020-07-15,13567364,614228,7482930.0,5470206.0
176,2020-07-16,13811820,620391,7635049.0,5556380.0
177,2020-07-17,14049424,627392,7794596.0,5627436.0
178,2020-07-18,14284875,633893,7945216.0,5705766.0
179,2020-07-19,14496925,638786,8033082.0,5825057.0
180,2020-07-20,14705706,642708,8191756.0,5871242.0
181,2020-07-21,14947844,649066,8366171.0,5932607.0
182,2020-07-22,15223699,656436,8545628.0,6021635.0
183,2020-07-23,15503495,663078,8721408.0,6119009.0
184,2020-07-24,15787454,669536,8949127.0,6168791.0
185,2020-07-25,16035814,675609,9168660.0,6191545.0
186,2020-07-26,16248870,679965,9311697.0,6257208.0
187,2020-07-27,16483553,685242,9482589.0,6315722.0
188,2020-07-28,16748008,692193,9652792.0,6403023.0
189,2020-07-29,17018986,698843,9855049.0,6465094.0
190,2020-07-30,17299223,705596,10068194.0,6525433.0
191,2020-07-31,17588283,712181,10267227.0,6608875.0
192,2020-08-01,17834464,718187,10447968.0,6668309.0
193,2020-08-02,18065569,722845,10586535.0,6756189.0
194,2020-08-03,18270881,727637,10808863.0,6734381.0
195,2020-08-04,18536472,734813,11031642.0,6770017.0
196,2020-08-05,18812307,742198,11252992.0,6817117.0
197,2020-08-06,19098592,749019,11441466.0,6908107.0
198,2020-08-07,19381820,755761,11633030.0,6993029.0
199,2020-08-08,19646439,761772,11833122.0,7051545.0
200,2020-08-09,19879861,766944,12011712.0,7101205.0
201,2020-08-10,20114512,772307,12173255.0,7168950.0
202,2020-08-11,20378731,778922,12477837.0,7121972.0
203,2020-08-12,20654520,785886,12718077.0,7150557.0
204,2020-08-13,20944346,792678,12881488.0,7270180.0
205,2020-08-14,21252167,799258,13164265.0,7288644.0
206,2020-08-15,21500086,805276,13332527.0,7362283.0
207,2020-08-16,21710612,810061,13565176.0,7335375.0
208,2020-08-17,21924539,814676,13775916.0,7333947.0
209,2020-08-18,22183393,821731,14002803.0,7358859.0
210,2020-08-19,22461375,828737,14220266.0,7412372.0
211,2020-08-20,22731745,835185,14427700.0,7468860.0
212,2020-08-21,22994806,840928,14595583.0,7558295.0
213,2020-08-22,23256475,846740,14805177.0,7604558.0
214,2020-08-23,23459911,851049,15021449.0,7587413.0
215,2020-08-24,23688821,855885,15220085.0,7612851.0
216,2020-08-25,23933449,862460,15451112.0,7619877.0
217,2020-08-26,24215369,869024,15676300.0,7670045.0
218,2020-08-27,24502266,875248,15883087.0,7743931.0
219,2020-08-28,24786705,881079,16081684.0,7823942.0
220,2020-08-29,25046964,886900,16292794.0,7867270.0
221,2020-08-30,25265575,891164,16502831.0,7871580.0
222,2020-08-31,25531167,895590,16702973.0,7932604.0
223,2020-09-01,25797504,902188,16960506.0,7934810.0
224,2020-09-02,26079690,908477,17179293.0,7991920.0
225,2020-09-03,26365169,914580,17400031.0,8050558.0
226,2020-09-04,26666476,920448,17612889.0,8133139.0
227,2020-09-05,26938982,925567,17813579.0,8199836.0
228,2020-09-06,27168649,929692,18025095.0,8213862.0
229,2020-09-07,27387067,939300,18222352.0,8225415.0
230,2020-09-08,27632801,944437,18423081.0,8265283.0
231,2020-09-09,27918042,950695,18662911.0,8304436.0
232,2020-09-10,28221379,956712,18878402.0,8386265.0
233,2020-09-11,28537934,962713,19101326.0,8473895.0
234,2020-09-12,28826130,967767,19323832.0,8534531.0
235,2020-09-13,29073853,971720,19511287.0,8590846.0
236,2020-09-14,29342000,976312,19738851.0,8626837.0
237,2020-09-15,29621911,982891,19964311.0,8674709.0
238,2020-09-16,29926986,988767,20193049.0,8745170.0
239,2020-09-17,30241223,994416,20412548.0,8834259.0
240,2020-09-18,30569048,1000272,20662903.0,8905873.0
241,2020-09-19,30860513,1005586,20899426.0,8955501.0
242,2020-09-20,31115784,1009554,21135879.0,8970351.0
243,2020-09-21,31376253,1013963,21380130.0,8982160.0
244,2020-09-22,31659703,1020132,21597971.0,9041600.0
245,2020-09-23,31971465,1026681,21860123.0,9084661.0
246,2020-09-24,32291789,1032362,22114844.0,9144583.0
247,2020-09-25,32622268,1038375,22352813.0,9231080.0
248,2020-09-26,32905826,1043808,22614272.0,9247746.0
249,2020-09-27,33153498,1047655,22827147.0,9278696.0
250,2020-09-28,33416959,1051733,23048301.0,9316925.0
251,2020-09-29,33698680,1057832,23287987.0,9352861.0
252,2020-09-30,34023668,1064289,23534747.0,9424632.0
253,2020-10-01,34342238,1073189,23754567.0,9514482.0
254,2020-10-02,34671382,1078864,23925548.0,9666970.0
255,2020-10-03,34967925,1083630,24180101.0,9704194.0
256,2020-10-04,35226482,1087623,24400341.0,9738518.0
257,2020-10-05,35539149,1094689,24635392.0,9809068.0
258,2020-10-06,35853934,1100548,24865973.0,9887413.0
259,2020-10-07,36203083,1106444,25119310.0,9977329.0
260,2020-10-08,36562768,1112808,25336825.0,10113135.0
261,2020-10-09,36922538,1118992,25540978.0,10262568.0
262,2020-10-10,37276499,1123888,25734504.0,10418107.0
263,2020-10-11,37563752,1128009,25954940.0,10480803.0
264,2020-10-12,37858314,1132077,26153773.0,10572464.0
265,2020-10-13,38177285,1137495,26342571.0,10697219.0
266,2020-10-14,38558166,1143675,26552835.0,10861656.0
267,2020-10-15,38966580,1149864,26757857.0,11058859.0
268,2020-10-16,39375986,1156075,26958633.0,11261278.0
269,2020-10-17,39745323,1161776,27156737.0,11426810.0
270,2020-10-18,40074821,1165635,27354666.0,11554520.0
271,2020-10-19,40453125,1170371,27554182.0,11728572.0
272,2020-10-20,40842716,1177010,27763319.0,11902387.0
273,2020-10-21,41285849,1183869,27977458.0,12124522.0
274,2020-10-22,41760398,1189792,28202269.0,12368337.0
275,2020-10-23,42258066,1196854,28401631.0,12659581.0
276,2020-10-24,42708296,1202718,28611824.0,12893754.0
277,2020-10-25,43066626,1206977,28806822.0,13052827.0
278,2020-10-26,43553629,1212601,29043015.0,13298013.0
279,2020-10-27,44024123,1220062,29630408.0,13173653.0
280,2020-10-28,44542567,1227267,29893454.0,13421846.0
281,2020-10-29,45094066,1234469,30137569.0,13722028.0
282,2020-10-30,45667944,1242158,30390038.0,14035748.0
283,2020-10-31,46138526,1248756,30632311.0,14257459.0
284,2020-11-01,46573376,1253890,30888395.0,14431091.0
285,2020-11-02,47133857,1260057,31166131.0,14707669.0
286,2020-11-03,47688229,1269539,31413846.0,15004844.0
287,2020-11-04,48195322,1279697,31690710.0,15224915.0
288,2020-11-05,48815725,1288407,31992505.0,15534813.0
289,2020-11-06,49435896,1297502,32276697.0,15861697.0
290,2020-11-07,50029598,1305187,32573461.0,16150950.0
291,2020-11-08,50516658,1311288,32824681.0,16380689.0
292,2020-11-09,51020552,1318465,33078153.0,16623934.0
293,2020-11-10,51598218,1328524,33332221.0,16937473.0
294,2020-11-11,52224653,1339043,33710269.0,17175341.0
295,2020-11-12,52868742,1348835,33932676.0,17587231.0
296,2020-11-13,53528439,1358597,34230677.0,17939165.0
297,2020-11-14,54109153,1367657,34505706.0,18235790.0
298,2020-11-15,54585244,1374263,34732853.0,18478128.0
299,2020-11-16,55115462,1382198,35119178.0,18614086.0
300,2020-11-17,55725811,1393279,35548503.0,18784029.0
301,2020-11-18,56352865,1404721,35907223.0,19040921.0
302,2020-11-19,57007334,1415885,36277150.0,19314299.0
303,2020-11-20,57679987,1427645,36627864.0,19624478.0
304,2020-11-21,58267659,1436674,36963165.0,19867820.0
305,2020-11-22,58754502,1444107,37233264.0,20077131.0
306,2020-11-23,59290395,1452630,37639162.0,20198603.0
307,2020-11-24,59882085,1465351,38007228.0,20409506.0
308,2020-11-25,60513292,1477502,38440837.0,20594953.0
309,2020-11-26,61104075,1488526,38803804.0,20811745.0
310,2020-11-27,61796707,1499973,39179711.0,21117023.0
311,2020-11-28,62397891,1509231,39535062.0,21353598.0
312,2020-11-29,62881295,1516529,39849669.0,21515097.0
313,2020-11-30,63389338,1525455,40246312.0,21617571.0
314,2020-12-01,64012158,1538187,40717440.0,21756531.0
315,2020-12-02,64658208,1550844,41175093.0,21932271.0
316,2020-12-03,65350099,1563431,41597279.0,22189389.0
317,2020-12-04,66038049,1575874,42082151.0,22380024.0
318,2020-12-05,66686500,1586202,42512973.0,22587325.0
319,2020-12-06,67222689,1593912,42824180.0,22804597.0
320,2020-12-07,67751358,1602628,43227590.0,22921140.0
321,2020-12-08,68394046,1614919,43662699.0,23116428.0
322,2020-12-09,69066534,1627584,44083105.0,23355845.0
323,2020-12-10,70569454,1640248,44568621.0,24360585.0
324,2020-12-11,71276286,1653310,45039797.0,24583179.0
325,2020-12-12,71916858,1664038,46538601.0,23714219.0
326,2020-12-13,72452175,1671826,46928885.0,23851464.0
327,2020-12-14,72997234,1680989,40932276.0,30383969.0
328,2020-12-15,73656271,1694724,41283853.0,30677694.0
329,2020-12-16,74379685,1708600,41640112.0,31030973.0
330,2020-12-17,75121762,1721945,42008987.0,31390830.0
331,2020-12-18,75845256,1734852,42319215.0,31791189.0
332,2020-12-19,76463878,1745802,42664745.0,32053331.0
333,2020-12-20,77003406,1753890,42936252.0,32313264.0
334,2020-12-21,77557340,1763429,43271946.0,32521965.0
335,2020-12-22,78222356,1777602,43626872.0,32817882.0
336,2020-12-23,78914183,1791410,43944262.0,33178511.0
337,2020-12-24,79602858,1803234,44254752.0,33544872.0
338,2020-12-25,80093416,1811964,44545596.0,33735856.0
339,2020-12-26,80609313,1819523,44951781.0,33838009.0
340,2020-12-27,81022532,1827240,45233646.0,33961646.0
341,2020-12-28,81523262,1836853,45519896.0,34166513.0
342,2020-12-29,82194441,1851941,45862930.0,34479570.0
343,2020-12-30,82931019,1867548,46243692.0,34819779.0
344,2020-12-31,83760090,1880793,46538487.0,35340810.0
345,2021-01-01,84332710,1890509,46840905.0,35601296.0
346,2021-01-02,84923876,1898972,47092966.0,35931938.0
347,2021-01-03,85445238,1906572,47348203.0,36190463.0
348,2021-01-04,86004364,1916617,47625621.0,36462126.0
349,2021-01-05,86748407,1932036,47934537.0,36881834.0
350,2021-01-06,87542245,1947123,48240079.0,37355043.0
351,2021-01-07,88434473,1962288,48556597.0,37915588.0
352,2021-01-08,89260042,1977663,48845835.0,38436544.0
353,2021-01-09,90015496,1990478,49169363.0,38855655.0
354,2021-01-10,90605167,1999295,49433367.0,39172505.0
355,2021-01-11,91219302,2009342,49713395.0,39496565.0
356,2021-01-12,91922796,2026477,50048645.0,39847674.0
357,2021-01-13,92672615,2043369,50406198.0,40223048.0
358,2021-01-14,93429619,2058856,50770281.0,40600482.0
359,2021-01-15,94203717,2073914,51082239.0,41047564.0
360,2021-01-16,94855531,2087629,51392707.0,41375195.0
361,2021-01-17,95384955,2096742,51701091.0,41587122.0
362,2021-01-18,95905002,2106483,52011799.0,41786720.0
363,2021-01-19,96494881,2123080,52406832.0,41964969.0
364,2021-01-20,97195718,2141137,52726328.0,42328253.0
365,2021-01-21,97852062,2158289,53085093.0,42608680.0
366,2021-01-22,98516647,2174398,53459459.0,42882790.0
367,2021-01-23,99090620,2188330,53771353.0,43130937.0
368,2021-01-24,99553236,2197541,54074258.0,43281437.0
369,2021-01-25,100034545,2208577,54381450.0,43444518.0
370,2021-01-26,100596885,2226020,54703345.0,43667520.0
371,2021-01-27,101201127,2243391,55037275.0,43920461.0
372,2021-01-28,101811774,2260444,55347365.0,44203965.0
373,2021-01-29,102403445,2275858,55704851.0,44422736.0
374,2021-01-30,102923570,2289420,56050391.0,44583759.0
375,2021-01-31,103311630,2298204,56334719.0,44678707.0
376,2021-02-01,103755123,2308577,56599247.0,44847299.0
377,2021-02-02,104221561,2323993,56944947.0,44952621.0
378,2021-02-03,104747871,2340071,57269927.0,45137873.0
379,2021-02-04,105218992,2353139,57560083.0,45305770.0
380,2021-02-05,105754792,2370307,57844418.0,45540067.0
381,2021-02-06,106188575,2381738,58135042.0,45671795.0
382,2021-02-07,106541574,2389041,58408706.0,45743827.0
383,2021-02-08,106881820,2398459,58621481.0,45861880.0
384,2021-02-09,107288512,2413892,58988440.0,45886180.0
385,2021-02-10,107729242,2427945,59253193.0,46048104.0
386,2021-02-11,108172795,2441722,59523966.0,46207107.0
387,2021-02-12,108603207,2454757,59807384.0,46341066.0
388,2021-02-13,108983267,2465179,60051214.0,46466874.0
389,2021-02-14,109291562,2471861,60243423.0,46576278.0
390,2021-02-15,109572790,2479334,60528966.0,46564490.0
391,2021-02-16,109933415,2490689,60756537.0,46686189.0
392,2021-02-17,110320358,2502649,61046444.0,46771265.0
393,2021-02-18,110730478,2514594,61278417.0,46937467.0
394,2021-02-19,111140789,2526317,61509038.0,47105434.0
395,2021-02-20,111514405,2535081,61774643.0,47204681.0
396,2021-02-21,111832945,2541602,61988798.0,47302545.0
397,2021-02-22,112128549,2548972,62166769.0,47412808.0
398,2021-02-23,112522360,2560653,62440217.0,47521490.0
399,2021-02-24,112969094,2573181,62646199.0,47749714.0
400,2021-02-25,113421951,2583847,62869880.0,47968224.0
401,2021-02-26,113864225,2594656,63125918.0,48143651.0
402,2021-02-27,114260282,2603158,63373183.0,48283941.0
403,2021-02-28,114568516,2609437,63545477.0,48413602.0
404,2021-03-01,114874005,2617136,63756173.0,48500696.0
405,2021-03-02,115188036,2627557,64021885.0,48538594.0
406,2021-03-03,115633032,2639330,64246890.0,48746812.0
407,2021-03-04,116090422,2649736,64494015.0,48946671.0
408,2021-03-05,116538978,2660264,64715893.0,49162821.0
409,2021-03-06,116952756,2668352,64949040.0,49335364.0
410,2021-03-07,117326305,2674252,65185058.0,49466995.0
411,2021-03-08,117630077,2681499,65455286.0,49493292.0
412,2021-03-09,118045831,2692107,65713267.0,49640457.0
413,2021-03-10,118516384,2702341,65944964.0,49869079.0
414,2021-03-11,118996155,2712525,66214675.0,50068955.0
415,2021-03-12,119485714,2722411,66479411.0,50283892.0
416,2021-03-13,119938795,2730809,66728500.0,50479486.0
417,2021-03-14,120302503,2736666,66971083.0,50594754.0
418,2021-03-15,120658059,2744328,67257024.0,50656707.0
419,2021-03-16,121126777,2754970,67520044.0,50851763.0
420,2021-03-17,121677161,2765566,67780770.0,51130825.0
421,2021-03-18,122223057,2776292,68045877.0,51400888.0
422,2021-03-19,122784698,2787116,68321496.0,51676086.0
423,2021-03-20,123281515,2795789,68576894.0,51908832.0
424,2021-03-21,123717551,2804262,68854229.0,52059060.0
425,2021-03-22,124140193,2812304,69184478.0,52143411.0
426,2021-03-23,124658711,2823776,69494075.0,52340860.0
427,2021-03-24,125295328,2834514,69826034.0,52634780.0
428,2021-03-25,125946910,2846031,70133988.0,52966891.0
429,2021-03-26,126584802,2858782,70493873.0,53232147.0
430,2021-03-27,127167885,2868920,70796072.0,53502893.0
431,2021-03-28,127644487,2876134,71121784.0,53646569.0
432,2021-03-29,128106035,2884895,71421472.0,53799668.0
433,2021-03-30,128679354,2896901,71753346.0,54029107.0
434,2021-03-31,129360858,2909772,72128791.0,54322295.0
435,2021-04-01,130069835,2922114,72468973.0,54678748.0
436,2021-04-02,130707310,2932648,72787516.0,54987146.0
437,2021-04-03,131233632,2941921,73148288.0,55143423.0
438,2021-04-04,131792035,2949253,73494537.0,55348245.0
439,2021-04-05,132286676,2957499,73835449.0,55493728.0
440,2021-04-06,132892409,2969970,74196488.0,55725951.0
441,2021-04-07,133575218,2985532,74674101.0,55915585.0
442,2021-04-08,134417435,2999864,75063411.0,56354160.0
443,2021-04-09,135163273,3014174,75511006.0,56638093.0
444,2021-04-10,135827204,3027001,75890877.0,56909326.0
445,2021-04-11,136521824,3036066,76415922.0,57069836.0
446,2021-04-12,137135476,3046130,76802237.0,57287109.0
447,2021-04-13,137919484,3059969,77281748.0,57577767.0
448,2021-04-14,138736755,3074003,77721907.0,57940845.0
449,2021-04-15,139552841,3087596,78158401.0,58306844.0
450,2021-04-16,140409842,3100934,78654811.0,58654097.0
451,2021-04-17,141198675,3113390,79166467.0,58918818.0
452,2021-04-18,141881705,3122496,79739910.0,59019299.0
453,2021-04-19,142577020,3133808,80263956.0,59179256.0
454,2021-04-20,143436009,3148152,80860656.0,59427201.0
455,2021-04-21,144323628,3162812,81363988.0,59796828.0
456,2021-04-22,145225465,3176712,81989353.0,60059400.0
457,2021-04-23,146129536,3192014,82619910.0,60317612.0
458,2021-04-24,146944852,3204979,83188624.0,60551249.0
459,2021-04-25,147671636,3215658,83715176.0,60740802.0
460,2021-04-26,148355512,3227517,84391922.0,60736073.0
461,2021-04-27,149206442,3242507,85062941.0,60900994.0
462,2021-04-28,150111876,3258429,85650961.0,61202486.0
463,2021-04-29,151005977,3274202,86348594.0,61383181.0
464,2021-04-30,151890139,3288542,87025173.0,61576424.0
465,2021-05-01,152684081,3301445,87700225.0,61682411.0
466,2021-05-02,153360349,3311732,88387490.0,61661127.0
467,2021-05-03,154049369,3323600,89018783.0,61706986.0
468,2021-05-04,154851618,3337690,89667375.0,61846553.0
469,2021-05-05,155698258,3352559,90372824.0,61972875.0
470,2021-05-06,156566560,3367211,91039784.0,62159565.0
471,2021-05-07,157398172,3381692,91727828.0,62288652.0
472,2021-05-08,158185072,3394892,92432755.0,62357425.0
473,2021-05-09,158822937,3405248,93089540.0,62328149.0
474,2021-05-10,159449991,3416547,93707555.0,62325889.0
475,2021-05-11,160188076,3430719,94450624.0,62306733.0
476,2021-05-12,160947485,3444681,95090302.0,62412502.0
477,2021-05-13,161680033,3458293,95773203.0,62448537.0
478,2021-05-14,162389811,3471301,96429093.0,62489417.0
479,2021-05-15,163021110,3483476,97065229.0,62472405.0
480,2021-05-16,163568055,3493751,97726907.0,62347397.0
481,2021-05-17,164109708,3505210,98461111.0,62143387.0
482,2021-05-18,164733173,3519362,99196712.0,62017099.0
483,2021-05-19,165406083,3532800,99887523.0,61985760.0
484,2021-05-20,165687573,3545975,100517670.0,61623928.0
485,2021-05-21,166314211,3558912,101125933.0,61629366.0
486,2021-05-22,166885845,3570265,101738426.0,61577154.0
487,2021-05-23,167366213,3580048,102236166.0,61549999.0
488,2021-05-24,167817576,3589162,102858518.0,61369896.0
489,2021-05-25,168352236,3602392,103428166.0,61321678.0
490,2021-05-26,168921905,3615192,103978839.0,61327874.0
491,2021-05-27,169469084,3628056,104667375.0,61173653.0
492,2021-05-28,169974160,3640047,105217014.0,61117099.0
493,2021-05-29,170454299,3650759,105720459.0,61083081.0
494,2021-05-30,170844418,3659115,106206727.0,60978576.0
495,2021-05-31,171231224,3667913,106730164.0,60833147.0
496,2021-06-01,171692247,3683158,107309601.0,60699488.0
497,2021-06-02,172179682,3695064,107834045.0,60650573.0
498,2021-06-03,172659845,3705154,108259648.0,60695043.0
499,2021-06-04,173085301,3715851,108782001.0,60587449.0
500,2021-06-05,173482758,3725214,109257771.0,60499773.0
501,2021-06-06,173805727,3732446,109696875.0,60376406.0
502,2021-06-07,174127856,3740625,110115220.0,60272011.0
503,2021-06-08,174499253,3751266,110527557.0,60220430.0
504,2021-06-09,174917729,3761432,110977287.0,60179010.0
505,2021-06-10,175371158,3777422,111388119.0,60205617.0
506,2021-06-11,175793543,3789194,111761193.0,60243156.0
507,2021-06-12,176161816,3798901,112098271.0,60264644.0
508,2021-06-13,176464588,3808159,112526298.0,60130131.0
509,2021-06-14,176774018,3816215,112870483.0,60087320.0
510,2021-06-15,177149491,3827020,113328528.0,59993943.0
511,2021-06-16,177538354,3837056,113675776.0,60025522.0
512,2021-06-17,177934232,3846358,114054405.0,60033469.0
513,2021-06-18,178337821,3855568,114372388.0,60109865.0
514,2021-06-19,178686073,3863652,114702849.0,60119572.0
515,2021-06-20,178989296,3870387,114966888.0,60152021.0
516,2021-06-21,179286111,3877436,115321896.0,60086779.0
517,2021-06-22,179696535,3886423,115623877.0,60186235.0
518,2021-06-23,180093567,3895827,116022240.0,60175500.0
519,2021-06-24,180502292,3904454,116310790.0,60287048.0
520,2021-06-25,180920072,3913691,116638308.0,60368073.0
521,2021-06-26,181283240,3921169,116932006.0,60430065.0
522,2021-06-27,181593988,3927249,117189736.0,60477003.0
523,2021-06-28,181927274,3933842,117514943.0,60478489.0
524,2021-06-29,182308339,3942015,117807240.0,60559084.0
525,2021-06-30,182707337,3951220,118087142.0,60668975.0
526,2021-07-01,183142742,3959786,118514571.0,60668385.0
527,2021-07-02,183584903,3968085,118803924.0,60812894.0
528,2021-07-03,183958846,3974998,119073158.0,60910690.0
529,2021-07-04,184286471,3981610,119371677.0,60933184.0
530,2021-07-05,184662477,3988995,119736838.0,60936644.0
531,2021-07-06,185112412,3997512,120063806.0,61051094.0
532,2021-07-07,185575511,4006029,120331237.0,61238245.0
533,2021-07-08,186055716,4014959,120623320.0,61417437.0
534,2021-07-09,186566159,4023320,120961106.0,61581733.0
535,2021-07-10,186988645,4029899,121404991.0,61553755.0
536,2021-07-11,187359701,4037502,121694424.0,61627775.0
537,2021-07-12,187793387,4045591,121995466.0,61752330.0
538,2021-07-13,188316885,4053980,122278072.0,61984833.0
539,2021-07-14,188854475,4062600,122607160.0,62184715.0
540,2021-07-15,189430137,4071198,122887315.0,62471624.0
541,2021-07-16,190025714,4079857,123277325.0,62668532.0
542,2021-07-17,190516234,4087355,123556627.0,62872252.0
543,2021-07-18,190938779,4093988,123872314.0,62972477.0
544,2021-07-19,191428597,4101156,124178295.0,63149146.0
545,2021-07-20,191961002,4121871,124496551.0,63342580.0
546,2021-07-21,192516688,4130550,124801092.0,63585046.0
547,2021-07-22,193081767,4139330,125155740.0,63786697.0
548,2021-07-23,193810865,4147628,125400028.0,64263209.0
549,2021-07-24,194243035,4156308,125916745.0,64169982.0
550,2021-07-25,194688949,4163629,126243763.0,64281557.0
551,2021-07-26,195228910,4172081,126541392.0,64515437.0
552,2021-07-27,195836356,4181913,126885727.0,64768716.0
553,2021-07-28,196485185,4192169,127221613.0,65071403.0
554,2021-07-29,197129124,4202334,127568828.0,65357962.0
555,2021-07-30,197861414,4211898,127874810.0,65774706.0
556,2021-07-31,198378416,4220705,128178244.0,65979467.0
557,2021-08-01,198860592,4228064,128464790.0,66167738.0
558,2021-08-02,199432675,4236135,128742844.0,66453696.0
559,2021-08-03,200066274,4246552,129045421.0,66774301.0
560,2021-08-04,200746486,4257055,129357529.0,67131902.0
561,2021-08-05,201431406,4268007,0.0,197163399.0
562,2021-08-06,202250801,4278491,0.0,197972310.0
563,2021-08-07,202811458,4287143,0.0,198524315.0
564,2021-08-08,203278631,4294580,0.0,198984051.0
565,2021-08-09,203899253,4303329,0.0,199595924.0
566,2021-08-10,204545271,4314946,0.0,200230325.0
567,2021-08-11,205274212,4325456,0.0,200948756.0
568,2021-08-12,205980752,4335948,0.0,201644804.0
569,2021-08-13,206782135,4346406,0.0,202435729.0
570,2021-08-14,207333825,4355116,0.0,202978709.0
571,2021-08-15,207800325,4362505,0.0,203437820.0
572,2021-08-16,208466150,4372296,0.0,204093854.0
573,2021-08-17,209147326,4383073,0.0,204764253.0
574,2021-08-18,209883035,4393862,0.0,205489173.0
575,2021-08-19,210594138,4405311,0.0,206188827.0
576,2021-08-20,211379697,4415820,0.0,206963877.0
577,2021-08-21,211934306,4424699,0.0,207509607.0
578,2021-08-22,212383167,4432359,0.0,207950808.0
579,2021-08-23,213070960,4442372,0.0,208628588.0
580,2021-08-24,213758690,4453434,0.0,209305256.0
581,2021-08-25,214490975,4464710,0.0,210026265.0
582,2021-08-26,215229772,4476321,0.0,210753451.0
583,2021-08-27,215971359,4486670,0.0,211484689.0
584,2021-08-28,216529915,4495094,0.0,212034821.0
585,2021-08-29,216975953,4501809,0.0,212474144.0
586,2021-08-30,217642651,4511335,0.0,213131316.0
587,2021-08-31,218276305,4520528,0.0,213755777.0
588,2021-09-01,219002284,4533034,0.0,214469250.0
589,2021-09-02,219675742,4544228,0.0,215131514.0
590,2021-09-03,220390143,4554942,0.0,215835201.0
591,2021-09-04,220886148,4562668,0.0,216323480.0
592,2021-09-05,221328919,4569120,0.0,216759799.0
593,2021-09-06,221776652,4577150,0.0,217199502.0
594,2021-09-07,222477835,4587629,0.0,217890206.0
595,2021-09-08,223107518,4597689,0.0,218509829.0
596,2021-09-09,223754327,4608523,0.0,219145804.0
597,2021-09-10,224394443,4617669,0.0,219776774.0
598,2021-09-11,224861223,4626007,0.0,220235216.0
599,2021-09-12,225230682,4631555,0.0,220599127.0
600,2021-09-13,225819890,4640647,0.0,221179243.0
601,2021-09-14,226369691,4650602,0.0,221719089.0
602,2021-09-15,226940636,4661082,0.0,222279554.0
603,2021-09-16,227524777,4671548,0.0,222853229.0
604,2021-09-17,228146953,4680592,0.0,223466361.0
605,2021-09-18,228673015,4687098,0.0,223985917.0
606,2021-09-19,229039156,4693060,0.0,224346096.0
607,2021-09-20,229564189,4701247,0.0,224862942.0
608,2021-09-21,230051113,4710581,0.0,225340532.0
609,2021-09-22,230591327,4720525,0.0,225870802.0
610,2021-09-23,231137207,4730305,0.0,226406902.0
611,2021-09-24,231687605,4739036,0.0,226948569.0
612,2021-09-25,232065338,4744479,0.0,227320859.0
613,2021-09-26,232423058,4749913,0.0,227673145.0
614,2021-09-27,232879894,4757569,0.0,228122325.0
615,2021-09-28,233338809,4766993,0.0,228571816.0
616,2021-09-29,233843150,4776359,0.0,229066791.0
617,2021-09-30,234332300,4785197,0.0,229547103.0
618,2021-10-01,234853561,4793812,0.0,230059749.0
619,2021-10-02,235207699,4799696,0.0,230408003.0
620,2021-10-03,235519646,4803938,0.0,230715708.0
621,2021-10-04,235957924,4811103,0.0,231146821.0
622,2021-10-05,236383472,4818528,0.0,231564944.0
623,2021-10-06,236890830,4827682,0.0,232063148.0
624,2021-10-07,237341966,4836629,0.0,232505337.0
625,2021-10-08,237827908,4844207,0.0,232983701.0
626,2021-10-09,238172662,4849060,0.0,233323602.0
627,2021-10-10,238492257,4853730,0.0,233638527.0
628,2021-10-11,238870054,4859475,0.0,234010579.0
629,2021-10-12,239311108,4867595,0.0,234443513.0
630,2021-10-13,239769051,4876456,0.0,234892595.0
631,2021-10-14,240221518,4884440,0.0,235337078.0
632,2021-10-15,240680810,4891674,0.0,235789136.0
633,2021-10-16,241028642,4896956,0.0,236131686.0
634,2021-10-17,241346688,4901225,0.0,236445463.0
635,2021-10-18,241759951,4907678,0.0,236852273.0
636,2021-10-19,242206366,4915921,0.0,237290445.0
637,2021-10-20,242683920,4924615,0.0,237759305.0
638,2021-10-21,243146931,4932319,0.0,238214612.0
639,2021-10-22,243636002,4940520,0.0,238695482.0
640,2021-10-23,244007069,4946346,0.0,239060723.0
641,2021-10-24,244324581,4950859,0.0,239373722.0
642,2021-10-25,244751704,4957501,0.0,239794203.0
643,2021-10-26,245199721,4965421,0.0,240234300.0
644,2021-10-27,245719238,4974606,0.0,240744632.0
645,2021-10-28,246179744,4983176,0.0,241196568.0
646,2021-10-29,246691858,4991267,0.0,241700591.0
647,2021-10-30,247080911,4997271,0.0,242083640.0
648,2021-10-31,247427191,5001752,0.0,242425439.0
649,2021-11-01,247848210,5008023,0.0,242840187.0
650,2021-11-02,248272879,5015312,0.0,243257567.0
651,2021-11-03,248809891,5023733,0.0,243786158.0
652,2021-11-04,249332961,5031336,0.0,244301625.0
653,2021-11-05,249852616,5039942,0.0,244812674.0
654,2021-11-06,250280149,5046579,0.0,245233570.0
655,2021-11-07,250629305,5051061,0.0,245578244.0
656,2021-11-08,251107365,5057721,0.0,246049644.0
657,2021-11-09,251594185,5065948,0.0,246528237.0
658,2021-11-10,252176911,5074136,0.0,247102775.0
659,2021-11-11,252698011,5081852,0.0,247616159.0
660,2021-11-12,253296178,5090948,0.0,248205230.0
661,2021-11-13,253727890,5097230,0.0,248630660.0
662,2021-11-14,254084371,5101852,0.0,248982519.0
663,2021-11-15,254622103,5108740,0.0,249513363.0
664,2021-11-16,255148071,5116465,0.0,250031606.0
665,2021-11-17,255779250,5125685,0.0,250653565.0
666,2021-11-18,256396946,5133985,0.0,251262961.0
667,2021-11-19,257016785,5142049,0.0,251874736.0
668,2021-11-20,257498947,5148115,0.0,252350832.0
669,2021-11-21,257900285,5152658,0.0,252747627.0
670,2021-11-22,258520194,5159917,0.0,253360277.0
671,2021-11-23,259132218,5167988,0.0,253964230.0
672,2021-11-24,259806711,5176669,0.0,254630042.0
673,2021-11-25,260404133,5184500,0.0,255219633.0
674,2021-11-26,261002134,5191327,0.0,255810807.0
675,2021-11-27,261462774,5197279,0.0,256265495.0
676,2021-11-28,261872389,5202060,0.0,256670329.0
677,2021-11-29,262525423,5209799,0.0,257315624.0
678,2021-11-30,263152143,5217785,0.0,257934358.0
679,2021-12-01,263860262,5227106,0.0,258633156.0
680,2021-12-02,264568059,5237276,0.0,259330783.0
681,2021-12-03,265284035,5245870,0.0,260038165.0
682,2021-12-04,265797065,5251392,0.0,260545673.0
683,2021-12-05,266238827,5258730,0.0,260980097.0
684,2021-12-06,266832961,5265544,0.0,261567417.0
685,2021-12-07,267529686,5273850,0.0,262255836.0
686,2021-12-08,268198439,5281887,0.0,262916552.0
687,2021-12-09,268928079,5290747,0.0,263637332.0
688,2021-12-10,269615720,5298875,0.0,264316845.0
689,2021-12-11,270115859,5304850,0.0,264811009.0
690,2021-12-12,270557831,5309389,0.0,265248442.0
691,2021-12-13,271184633,5315974,0.0,265868659.0
692,2021-12-14,271842463,5323725,0.0,266518738.0
693,2021-12-15,272583237,5332921,0.0,267250316.0
694,2021-12-16,273320698,5340234,0.0,267980464.0
695,2021-12-17,274053021,5347236,0.0,268705785.0
696,2021-12-18,274634727,5353300,0.0,269281427.0
697,2021-12-19,275117376,5357618,0.0,269759758.0
698,2021-12-20,275863859,5364556,0.0,270499303.0
699,2021-12-21,276654673,5372285,0.0,271282388.0
700,2021-12-22,277557681,5380528,0.0,272177153.0
701,2021-12-23,278550268,5389827,0.0,273160441.0
702,2021-12-24,279404775,5395700,0.0,274009075.0
703,2021-12-25,280099952,5399946,0.0,274700006.0
704,2021-12-26,280679138,5403539,0.0,275275599.0
705,2021-12-27,281961652,5410248,0.0,276551404.0
706,2021-12-28,283282738,5417715,0.0,277865023.0
707,2021-12-29,285001157,5425733,0.0,279575424.0
708,2021-12-30,286936465,5433285,0.0,281503180.0
709,2021-12-31,288650698,5439860,0.0,283210838.0
710,2022-01-01,289847451,5444131,0.0,284403320.0
711,2022-01-02,290766478,5447323,0.0,285319155.0
712,2022-01-03,293187237,5453360,0.0,287733877.0
713,2022-01-04,295704767,5461273,0.0,290243494.0
714,2022-01-05,298267984,5469215,0.0,292798769.0
715,2022-01-06,300890279,5476574,0.0,295413705.0
716,2022-01-07,303822980,5483766,0.0,298339214.0
717,2022-01-08,305963998,5489080,0.0,300474918.0
718,2022-01-09,307983726,5492966,0.0,302490760.0
719,2022-01-10,311147122,5499328,0.0,305647794.0
720,2022-01-11,314230456,5508780,0.0,308721676.0
721,2022-01-12,317752269,5518022,0.0,312234247.0
722,2022-01-13,320913942,5526024,0.0,315387918.0
723,2022-01-14,324197653,5533707,0.0,318663946.0
724,2022-01-15,326643295,5539859,0.0,321103436.0
725,2022-01-16,328787199,5544160,0.0,323243039.0
726,2022-01-17,331528681,5550358,0.0,325978323.0
727,2022-01-18,335247199,5559575,0.0,329687624.0
728,2022-01-19,339482224,5570122,0.0,333912102.0
729,2022-01-20,343156574,5579602,0.0,337576972.0
730,2022-01-21,346980584,5589452,0.0,341391132.0
731,2022-01-22,349681201,5595556,0.0,344085645.0
732,2022-01-23,352100619,5600526,0.0,346500093.0
733,2022-01-24,355589239,5609138,0.0,349980101.0
734,2022-01-25,359319439,5619736,0.0,353699703.0
735,2022-01-26,363065895,5630721,0.0,357435174.0
736,2022-01-27,366754063,5641152,0.0,361112911.0
737,2022-01-28,370390275,5653278,0.0,364736997.0
738,2022-01-29,373010893,5661204,0.0,367349689.0
739,2022-01-30,375237733,5666830,0.0,369570903.0
740,2022-01-31,378820397,5676557,0.0,373143840.0
741,2022-02-01,382154874,5690960,0.0,376463914.0
742,2022-02-02,385353680,5703198,0.0,379650482.0
743,2022-02-03,388531465,5714805,0.0,382816660.0
744,2022-02-04,391485961,5728082,0.0,385757879.0
745,2022-02-05,393657324,5736407,0.0,387920917.0
746,2022-02-06,395491903,5742285,0.0,389749618.0
747,2022-02-07,397731902,5752958,0.0,391978944.0
748,2022-02-08,400866486,5766250,0.0,395100236.0
749,2022-02-09,403321725,5779583,0.0,397542142.0
750,2022-02-10,406094442,5791290,0.0,400303152.0
751,2022-02-11,408490748,5803417,0.0,402687331.0
752,2022-02-12,410325664,5812096,0.0,404513568.0
753,2022-02-13,411782051,5817179,0.0,405964872.0
754,2022-02-14,413572257,5827841,0.0,407744416.0
755,2022-02-15,415344596,5838421,0.0,409506175.0
756,2022-02-16,417765252,5851520,0.0,411913732.0
757,2022-02-17,419800014,5864237,0.0,413935777.0
758,2022-02-18,421753539,5874822,0.0,415878717.0
759,2022-02-19,423297785,5883170,0.0,417414615.0
760,2022-02-20,424559618,5888474,0.0,418671144.0
761,2022-02-21,426003558,5891768,0.0,420111790.0
762,2022-02-22,427817265,5905942,0.0,421911323.0
